evidence,question,answer,intended_label,label
"Tardigrades, also called water bears, are microscopic animals typically about 0.5 millimetres long. They survive extreme conditions by entering a dehydrated state called cryptobiosis, in which their metabolism drops to a tiny fraction of its normal rate. In 2007, tardigrades were exposed to open space on a European Space Agency mission and some survived.",What allows tardigrades to survive extreme conditions?,"They enter a dehydrated state called cryptobiosis, during which their metabolism falls to a small fraction of its normal rate.",pass,
"Acme Corp reported quarterly revenue of $12.4 million, up 8 percent from the same quarter last year. Net profit was $1.1 million. The company said it expects revenue growth to slow next quarter due to seasonal factors.",What does Acme expect for next quarter?,It expects revenue to fall next quarter because of seasonal factors.,fail,
"In 2022, the country's inflation rate reached 9.1 percent, the highest in four decades. The central bank responded by raising interest rates several times over the following year. By late 2023, inflation had fallen to about 3.4 percent.",How did the central bank respond to the 2022 inflation?,It raised interest rates several times over the following year.,pass,
"Sourdough bread is leavened by a starter, a fermented mixture of flour and water containing wild yeast and lactic acid bacteria. The bacteria give the bread its characteristic tangy flavour. A starter must be fed regularly with fresh flour and water to stay active.",What gives sourdough its tangy flavour?,The wild yeast in the starter gives it its tangy flavour.,fail,
"Python's list.sort() method sorts a list in place and returns None. The built-in sorted() function, by contrast, returns a new sorted list and leaves the original unchanged. Both accept a key argument and a reverse flag.",How do list.sort() and sorted() differ?,"list.sort() sorts the list in place and returns None, while sorted() returns a new sorted list; only sorted() accepts a key argument.",fail,
"Lake Baikal in Siberia is the deepest lake in the world, reaching a maximum depth of 1,642 metres. It contains roughly 20 percent of the world's unfrozen fresh water. The lake is around 25 million years old, making it the oldest lake on Earth.",What makes Lake Baikal notable?,"It is the deepest lake in the world at 1,642 metres, holds roughly 40 percent of the world's unfrozen fresh water, and is the oldest lake on Earth at around 25 million years old.",fail,
"A 2019 survey of 2,000 remote workers found that 62 percent felt more productive at home than in the office. However, 41 percent said they struggled with loneliness. The survey was conducted online, so it may over-represent people who are comfortable with technology.",What did the survey find about productivity among remote workers?,"It found that 62 percent of the 2,000 remote workers surveyed felt more productive at home than in the office.",pass,
"Finnish is a Uralic language spoken by about five million people, mostly in Finland. It is known for its extensive case system, with 15 grammatical cases for nouns. Unlike English, Finnish has no grammatical gender and does not distinguish between 'he' and 'she'.",What is notable about Finnish grammar?,"It has an extensive case system with 15 grammatical cases for nouns, and it has no grammatical gender.",pass,
"Tardigrades, also called water bears, are microscopic animals typically about 0.5 millimetres long. They survive extreme conditions by entering a dehydrated state called cryptobiosis, in which their metabolism drops to a tiny fraction of its normal rate. In 2007, tardigrades were exposed to open space on a European Space Agency mission and some survived.",What allows tardigrades to survive extreme conditions?,"They enter a dehydrated state called cryptobiosis, which is triggered by a protective protein they produce when the temperature drops below freezing.",fail,
"Sourdough bread is leavened by a starter, a fermented mixture of flour and water containing wild yeast and lactic acid bacteria. The bacteria give the bread its characteristic tangy flavour. A starter must be fed regularly with fresh flour and water to stay active.",What gives sourdough its tangy flavour?,The lactic acid bacteria in the starter give it its tangy flavour.,pass,
"Venus is the hottest planet in the solar system, with an average surface temperature of about 465 degrees Celsius. Its thick atmosphere, made mostly of carbon dioxide, traps heat in a runaway greenhouse effect. Venus rotates very slowly, and a single day on Venus lasts longer than its year.",Why is Venus the hottest planet?,"Its thick, nitrogen-rich atmosphere traps heat in a runaway greenhouse effect, giving an average surface temperature of about 465 degrees Celsius.",fail,
"Some studies suggest that regular, moderate coffee consumption may be associated with a lower risk of type 2 diabetes. However, the researchers stress that these are observational findings and cannot prove that coffee itself is responsible. Adding large amounts of sugar or cream may offset any potential benefit.",What does the research say about coffee and type 2 diabetes?,"Regular, moderate coffee consumption lowers the risk of type 2 diabetes, though a lot of sugar or cream may offset the benefit.",fail,
"Version 3.2 of the software introduced a dark mode and reduced startup time by roughly 40 percent. Users on the free plan can enable dark mode, but custom color themes are available only on the Pro plan. The update is being rolled out gradually and may take up to two weeks to reach all users.",What did version 3.2 change?,It added a dark mode and reduced startup time by roughly 40 percent.,pass,
"In 2022, the country's inflation rate reached 9.1 percent, the highest in four decades. The central bank responded by raising interest rates several times over the following year. By late 2023, inflation had fallen to about 3.4 percent.",How did the central bank respond to the 2022 inflation?,It raised interest rates several times over the following year and also began selling government bonds to shrink its balance sheet.,fail,
"Lake Baikal in Siberia is the deepest lake in the world, reaching a maximum depth of 1,642 metres. It contains roughly 20 percent of the world's unfrozen fresh water. The lake is around 25 million years old, making it the oldest lake on Earth.",What makes Lake Baikal notable?,"It is the deepest lake in the world at 1,642 metres, holds roughly a fifth of the world's unfrozen fresh water, and is the oldest lake on Earth at around 25 million years old.",pass,
"The James Webb Space Telescope launched on 25 December 2021 and observes primarily in infrared light. It orbits the Sun near the second Lagrange point (L2), about 1.5 million kilometres from Earth. Its primary mirror is 6.5 metres across and made of 18 gold-coated beryllium segments.","How large is the James Webb Space Telescope's primary mirror, and what is it made of?",It is 6.5 metres across and made of 18 gold-coated aluminium segments.,fail,
"The printing press with movable metal type was introduced in Europe by Johannes Gutenberg around 1440 in Mainz, Germany. Its most famous product, the Gutenberg Bible, was printed in the 1450s. The technology spread quickly, and by 1500 presses had operated in more than 250 European cities.",How quickly did printing spread across Europe?,"Quickly: by 1500, presses had operated in more than 250 European cities.",pass,
"A 2019 survey of 2,000 remote workers found that 62 percent felt more productive at home than in the office. However, 41 percent said they struggled with loneliness. The survey was conducted online, so it may over-represent people who are comfortable with technology.",What did the survey find about productivity among remote workers?,It found that 62 percent of remote workers worldwide felt more productive at home than in the office.,fail,
"The printing press with movable metal type was introduced in Europe by Johannes Gutenberg around 1440 in Mainz, Germany. Its most famous product, the Gutenberg Bible, was printed in the 1450s. The technology spread quickly, and by 1500 presses had operated in more than 250 European cities.",How quickly did printing spread across Europe?,"Quickly: by 1500, presses had operated in more than 150 European cities.",fail,
